land_id,edge,row,signal,die_pad,land_x_mm,land_y_mm,die_x_um,die_y_um
T1,T,0,VSS,T2,75.275,99.193,97850.169,78631.569
T2,T,1,VDD08D,T3,75.977,100.393,97943.269,78631.569
T3,T,0,VSS,T4,76.679,99.193,98057.071,78631.569
T4,T,1,SEL_APB_SPI_N,T5,77.381,100.393,98150.171,78631.569
T5,T,0,VSS,T6,78.083,99.193,98243.271,78631.569
T6,T,1,VSS,T7,78.785,100.393,98357.072,78631.569
T7,T,0,SDA,T8,79.487,99.193,98450.173,78631.569
T8,T,1,VDD08PA,T9,80.189,100.393,98543.272,78631.569
T9,T,0,VDD08D,T10,80.891,99.193,98657.074,78631.569
T10,T,1,SCL,T11,81.593,100.393,98750.175,78631.569
T11,T,0,VDD08DLL<7>,T12,82.295,99.193,98843.274,78631.569
T12,T,1,VDD18PLL<7>,T13,82.997,100.393,98957.075,78631.569
T13,T,0,VDD08DLL<6>,T14,83.699,99.193,99050.177,78631.569
T14,T,1,VSS,T15,84.401,100.393,99143.275,78631.569
T15,T,0,VDD18PLL<6>,T16,85.103,99.193,99257.079,78631.569
T16,T,1,LB_PCLK,T17,85.805,100.393,99350.179,78631.569
T17,T,0,VDD08PA,T18,86.507,99.193,99443.279,78631.569
T18,T,1,VSS,T19,87.209,100.393,99557.081,78631.569
T19,T,0,VDD50PD,T20,87.911,99.193,99650.181,78631.569
T20,T,1,VDD08PA,T21,88.613,100.393,99743.281,78631.569
T21,T,0,VSS,T22,89.315,99.193,99857.083,78631.569
T22,T,1,RESET_N,T23,90.017,100.393,99950.183,78631.569
T23,T,0,VDD08TIA,T24,90.719,99.193,100043.283,78631.569
T24,T,1,VSSTIA,T25,91.421,100.393,100157.085,78631.569
T25,T,0,VDD08,T26,92.123,99.193,100250.185,78631.569
T26,T,1,VDD08D,T27,92.825,100.393,100343.285,78631.569
T27,T,0,VDD08PA,T28,93.527,99.193,100457.087,78631.569
T28,T,1,VDD08,T29,94.229,100.393,100550.187,78631.569
T29,T,0,VSSTIA,T30,94.931,99.193,100643.287,78631.569
T30,T,1,VDD08TIA,T31,95.633,100.393,100757.089,78631.569
T31,T,0,SDI,T32,96.335,99.193,100850.189,78631.569
T32,T,1,VSS,T33,97.037,100.393,100943.285,78631.569
T33,T,0,VDD08PA,T34,97.739,99.193,101057.091,78631.569
T34,T,1,CSB,T35,98.441,100.393,101150.191,78631.569
T35,T,0,VDD08D,T36,99.143,99.193,101243.291,78631.569
T36,T,1,VDD08PA,T37,99.845,100.393,101357.093,78631.569
T37,T,0,VDD08DLL<0>,T38,100.547,99.193,101450.193,78631.569
T38,T,1,VDD18PLL<0>,T39,101.249,100.393,101543.293,78631.569
T39,T,0,VSS,T40,101.951,99.193,101657.089,78631.569
T40,T,1,SCAN_MODE,T41,102.653,100.393,101750.195,78631.569
T41,T,0,VDD18PLL<1>,T42,103.355,99.193,101843.295,78631.569
T42,T,1,VDD08DLL<1>,T43,104.057,100.393,101957.091,78631.569
T43,T,0,SCK,T44,104.759,99.193,102050.197,78631.569
T44,T,1,VDD08D,T45,105.461,100.393,102143.291,78631.569
T45,T,0,VDD12LED,T46,106.163,99.193,102257.092,78631.569
T46,T,1,SCAN_SAFE_MODE,T47,106.865,100.393,102350.199,78631.569
T47,T,0,VSSLED,T48,107.567,99.193,102443.292,78631.569
T48,T,1,VDD50LED,T49,108.269,100.393,102557.094,78631.569
T49,T,0,VDD50LED_SNS,T50,108.971,99.193,102650.201,78631.569
T50,T,1,VSSLED,T51,109.673,100.393,102743.294,78631.569
T51,T,0,VDD12LED,T52,110.375,99.193,102857.103,78631.569
T52,T,1,SCAN_EN,T53,111.077,100.393,102950.203,78631.569
T53,T,0,VDD08D,T54,111.779,99.193,103043.303,78631.569
T54,T,1,VDD50LED,T55,112.481,100.393,103157.105,78631.569
T55,T,0,SCAN_CLK,T56,113.183,99.193,103250.205,78631.569
T56,T,1,VSSLED,T57,113.885,100.393,103343.297,78631.569
T57,T,0,VDD12LED,T58,114.587,99.193,103457.107,78631.569
T58,T,1,DFT_SCAN_SDI<1>,T59,115.289,100.393,103550.207,78631.569
T59,T,0,VSSLED,T60,115.991,99.193,103643.307,78631.569
T60,T,1,VDD50LED,T61,116.693,100.393,103757.109,78631.569
T61,T,0,DFT_SCAN_SDI<2>,T62,117.395,99.193,103850.209,78631.569
T62,T,1,VDD08D,T63,118.097,100.393,103943.309,78631.569
T63,T,0,VDD08,T64,118.799,99.193,104057.111,78631.569
T64,T,1,VDD18E,T65,119.501,100.393,104150.211,78631.569
T65,T,0,REXT1,T66,120.203,99.193,104243.311,78631.569
T66,T,1,VATB_LED1,T67,120.905,100.393,104357.113,78631.569
T67,T,0,F,T68,121.607,99.193,104450.213,78631.569
T68,T,1,REXT2,T69,122.309,100.393,104543.313,78631.569
T69,T,0,VATB_LED0,T70,123.011,99.193,104657.115,78631.569
T70,T,1,DFT_SCN_SDO<2>,T71,123.713,100.393,104750.215,78631.569
T71,T,0,VSS,T72,124.415,99.193,104843.315,78631.569
T72,T,1,VSS,T73,125.117,100.393,104957.117,78631.569
T73,T,0,DFT_SCN_SDO<1>,T74,125.819,99.193,105050.217,78631.569
T74,T,1,VSS,T75,126.521,100.393,105143.317,78631.569
T75,T,0,VDD08D,T76,127.223,99.193,105257.107,78631.569
T76,T,1,VSS,T77,127.925,100.393,105350.207,78631.569
B1,B,0,VSS,B3,78.422,53.207,97943.269,73768.431
B2,B,1,CLKOUTP_MUX,B4,79.124,52.007,98057.071,73768.431
B3,B,0,VSS,B5,79.826,53.207,98150.171,73768.431
B4,B,1,CLKOUTN_MUX,B6,80.528,52.007,98243.271,73768.431
B5,B,0,RSSI_L,B7,81.230,53.207,98357.072,73768.431
B6,B,1,VDD18D,B8,81.932,52.007,98450.173,73768.431
B7,B,0,RSSI_R,B9,82.634,53.207,98543.272,73768.431
B8,B,1,VDD08BIAS<1>,B10,83.336,52.007,98657.074,73768.431
B9,B,0,VDD08BIAS<1>,B11,84.038,53.207,98750.175,73768.431
B10,B,1,VDD08DLL<5>,B12,84.740,52.007,98843.274,73768.431
B11,B,0,VDD18PLL<5>,B13,85.442,53.207,98957.075,73768.431
B12,B,1,VSS,B14,86.144,52.007,99050.177,73768.431
B13,B,0,VSS,B15,86.846,53.207,99143.275,73768.431
B14,B,1,VDD18PLL<4>,B16,87.548,52.007,99257.079,73768.431
B15,B,0,VDD08DLL<4>,B17,88.250,53.207,99350.179,73768.431
B16,B,1,VDD08PA,B18,88.952,52.007,99443.279,73768.431
B17,B,0,VSS,B19,89.654,53.207,99557.081,73768.431
B18,B,1,VDD18_BG<1>,B20,90.356,52.007,99650.181,73768.431
B19,B,0,VDD08PA,B21,91.058,53.207,99743.281,73768.431
B20,B,1,VSS,B22,91.760,52.007,99857.083,73768.431
B21,B,0,VDD08PA_SNS,B23,92.462,53.207,99950.183,73768.431
B22,B,1,VDD08TIA,B24,93.164,52.007,100043.283,73768.431
B23,B,0,VSSTIA,B25,93.866,53.207,100157.085,73768.431
B24,B,1,VDD08,B26,94.568,52.007,100250.185,73768.431
B25,B,0,VDD08D,B27,95.270,53.207,100343.285,73768.431
B26,B,1,VDD08PA,B28,95.972,52.007,100457.087,73768.431
B27,B,0,VDD08,B29,96.674,53.207,100550.187,73768.431
B28,B,1,VSSTIA,B30,97.376,52.007,100643.287,73768.431
B29,B,0,VDD08TIA,B31,98.078,53.207,100757.089,73768.431
B30,B,1,VDD08TIA_SNS,B32,98.780,52.007,100850.189,73768.431
B31,B,0,VSS,B33,99.482,53.207,100943.285,73768.431
B32,B,1,VDD08PA,B34,100.184,52.007,101057.091,73768.431
B33,B,0,VDD18_BG<0>,B35,100.886,53.207,101150.191,73768.431
B34,B,1,VSS,B36,101.588,52.007,101243.291,73768.431
B35,B,0,VDD08PA,B37,102.290,53.207,101357.093,73768.431
B36,B,1,VDD08DLL<2>,B38,102.992,52.007,101450.193,73768.431
B37,B,0,VDD18PLL<2>,B39,103.694,53.207,101543.293,73768.431
B38,B,1,VSS,B40,104.396,52.007,101657.089,73768.431
B39,B,0,CLKEXTM<0>,B41,105.098,53.207,101750.195,73768.431
B40,B,1,VDD18PLL<3>,B42,105.800,52.007,101843.295,73768.431
B41,B,0,VDD08DLL<3>,B43,106.502,53.207,101957.091,73768.431
B42,B,1,VDD08BIAS<0>,B44,107.204,52.007,102050.197,73768.431
B43,B,0,VDD08BIAS<0>,B45,107.906,53.207,102143.291,73768.431
B44,B,1,VDD12LED,B46,108.608,52.007,102257.092,73768.431
B45,B,0,CLKEXTP<0>,B47,109.310,53.207,102350.199,73768.431
B46,B,1,VSSLED,B48,110.012,52.007,102443.292,73768.431
B47,B,0,VDD50LED,B49,110.714,53.207,102557.094,73768.431
B48,B,1,VSSLED,B50,111.416,52.007,102650.201,73768.431
B49,B,0,VSSLED,B51,112.118,53.207,102743.294,73768.431
B50,B,1,VDD12LED,B52,112.820,52.007,102857.103,73768.431
B51,B,0,VDD12LED,B53,113.522,53.207,102950.203,73768.431
B52,B,1,VDD18LED,B54,114.224,52.007,103043.303,73768.431
B53,B,0,VDD50LED,B55,114.926,53.207,103157.105,73768.431
B54,B,1,VSSLED,B56,115.628,52.007,103250.205,73768.431
B55,B,0,VSSLED,B57,116.330,53.207,103343.297,73768.431
B56,B,1,VDD12LED,B58,117.032,52.007,103457.107,73768.431
B57,B,0,VDD12LED,B59,117.734,53.207,103550.207,73768.431
B58,B,1,VSSLED,B60,118.436,52.007,103643.307,73768.431
B59,B,0,VDD50LED,B61,119.138,53.207,103757.109,73768.431
B60,B,1,VDD50LED,B62,119.840,52.007,103850.209,73768.431
B61,B,0,VDD50LED,B63,120.542,53.207,103943.309,73768.431
B62,B,1,VSSLED,B65,121.244,52.007,104150.211,73768.431
B63,B,0,VSSLED,B68,121.946,53.207,104450.213,73768.431
B64,B,1,VSSLED,B71,122.648,52.007,104750.215,73768.431
B65,B,0,VSSLED,B74,123.350,53.207,105050.217,73768.431
B66,B,1,VSSLED,B76,124.052,52.007,105257.107,73768.431
L1,L,0,VSS,L46,74.775,62.766,97684.275,74043.349
L2,L,1,V3_CHIP ID<1>,L45,73.575,63.468,97684.275,74157.151
L3,L,0,CHIP_ID<2>,L44,74.775,64.170,97684.275,74250.251
L4,L,1,V3_CHIP ID<0>,L43,73.575,64.872,97684.275,74343.351
L5,L,0,CHIP_ID<1>,L41,74.775,65.574,97684.275,74550.252
L6,L,1,VSS,L40,73.575,66.276,97684.275,74643.352
L7,L,0,CHIP_ID<0>,L38,74.775,66.978,97684.275,74850.254
L8,L,1,VSS,L37,73.575,67.680,97684.275,74943.354
L9,L,0,VSS,L36,74.775,68.382,97684.275,75057.155
L10,L,1,VSS,L34,73.575,69.084,97684.275,75243.355
L11,L,0,VDD08D,L33,74.775,69.786,97684.275,75357.157
L12,L,1,VSS,L31,73.575,70.488,97684.275,75543.357
L13,L,0,VSS,L30,74.775,71.190,97684.275,75657.158
L14,L,1,VSS,L28,73.575,71.892,97684.275,75843.358
L15,L,0,TEST_PLL4_CKOUT,L27,74.775,72.594,97684.275,75957.160
L16,L,1,TEST_DLL_DESKEW_CKOUT,L25,73.575,73.296,97684.275,76143.360
L17,L,0,VSS,L24,74.775,73.998,97684.275,76257.162
L18,L,1,VDD08D,L23,73.575,74.700,97684.275,76350.262
L19,L,0,VDD08D,L22,74.775,75.402,97684.275,76443.362
L20,L,1,VATB_RSSI1,L21,73.575,76.104,97684.275,76557.163
L21,L,0,VDD18B,L20,74.775,76.806,97684.275,76650.263
L22,L,1,VATB_RSSI0,L19,73.575,77.508,97684.275,76743.363
L23,L,0,VDD08D,L18,74.775,78.210,97684.275,76857.165
L24,L,1,VDD08D,L17,73.575,78.912,97684.275,76950.288
L25,L,0,VDD08D,L16,74.775,79.614,97684.275,77043.365
L26,L,1,VSS,L15,73.575,80.316,97684.275,77157.166
L27,L,0,VSS,L14,74.775,81.018,97684.275,77250.309
L28,L,1,VATB_DLL,L13,73.575,81.720,97684.275,77343.366
L29,L,0,VATB_TIA,L12,74.775,82.422,97684.275,77457.168
L30,L,1,VDD18A,L11,73.575,83.124,97684.275,77550.283
L31,L,0,VDD08,L10,74.775,83.826,97684.275,77643.368
L32,L,1,VDD08PA,L9,73.575,84.528,97684.275,77757.169
L33,L,0,VDD08PA,L8,74.775,85.230,97684.275,77850.257
L34,L,1,VDD08PA,L7,73.575,85.932,97684.275,77943.369
L35,L,0,CLKEXTP<1>,L6,74.775,86.634,97684.275,78057.171
L36,L,1,VSSPST,L5,73.575,87.336,97684.275,78150.271
L37,L,0,CLKEXTM<1>,L4,74.775,88.038,97684.275,78243.371
L38,L,1,VSS,L3,73.575,88.740,97684.275,78357.172
L39,L,0,VDDPST,L2,74.775,89.442,97684.275,78450.272
L40,L,1,VSS,L1,73.575,90.144,97684.275,78543.372
R1,R,0,VSSLED,R46,128.425,60.505,105515.725,74043.349
R2,R,1,VSSLED,R45,129.625,61.207,105515.725,74157.151
R3,R,0,VSSLED,R44,128.425,61.909,105515.725,74250.251
R4,R,1,VSSLED,R43,129.625,62.611,105515.725,74343.351
R5,R,0,VDD18LED,R42,128.425,63.313,105515.725,74457.152
R6,R,1,VDD50LED,R41,129.625,64.015,105515.725,74550.252
R7,R,0,VDD50LED,R40,128.425,64.717,105515.725,74643.352
R8,R,1,VSSLED,R39,129.625,65.419,105515.725,74757.154
R9,R,0,VDD08LED,R38,128.425,66.121,105515.725,74850.254
R10,R,1,VDD12LED,R37,129.625,66.823,105515.725,74943.354
R11,R,0,VSSLED,R36,128.425,67.525,105515.725,75057.155
R12,R,1,VSSLED,R35,129.625,68.227,105515.725,75150.255
R13,R,0,VDD50LED,R34,128.425,68.929,105515.725,75243.355
R14,R,1,VSSLED,R33,129.625,69.631,105515.725,75357.157
R15,R,0,VDD08LED,R32,128.425,70.333,105515.725,75450.257
R16,R,1,VDD12LED,R31,129.625,71.035,105515.725,75543.357
R17,R,0,VSSLED,R30,128.425,71.737,105515.725,75657.158
R18,R,1,VDD08LED,R29,129.625,72.439,105515.725,75750.258
R19,R,0,VDD12LED,R28,128.425,73.141,105515.725,75843.358
R20,R,1,VSSLED,R27,129.625,73.843,105515.725,75957.160
R21,R,0,VDDDRVLED_SNS,R26,128.425,74.545,105515.725,76050.260
R22,R,1,VDD50LED,R25,129.625,75.247,105515.725,76143.360
R23,R,0,VSSLED,R24,128.425,75.949,105515.725,76257.162
R24,R,1,VDD08LED,R23,129.625,76.651,105515.725,76350.262
R25,R,0,VDD12LED,R22,128.425,77.353,105515.725,76443.362
R26,R,1,VSSLED,R21,129.625,78.055,105515.725,76557.163
R27,R,0,VDD08D_SNS,R20,128.425,78.757,105515.725,76650.263
R28,R,1,VDD50LED,R19,129.625,79.459,105515.725,76743.363
R29,R,0,VDD18LED,R18,128.425,80.161,105515.725,76857.165
R30,R,1,VDDLED_SNS,R17,129.625,80.863,105515.725,76950.288
R31,R,0,VDD08D,R16,128.425,81.565,105515.725,77043.365
R32,R,1,VSS,R15,129.625,82.267,105515.725,77157.166
R33,R,0,LED_I0_SNS,R14,128.425,82.969,105515.725,77250.309
R34,R,1,VDD08,R13,129.625,83.671,105515.725,77343.366
R35,R,0,TEST_LED_STRB0_CKOUT,R12,128.425,84.373,105515.725,77457.168
R36,R,1,LED_I1_SNS,R11,129.625,85.075,105515.725,77550.283
R37,R,0,TEST_TX_CKOUT,R10,128.425,85.777,105515.725,77643.368
R38,R,1,VSS,R9,129.625,86.479,105515.725,77757.169
R39,R,0,VDD18C,R8,128.425,87.181,105515.725,77850.257
R40,R,1,LED_I0_CURRENT,R7,129.625,87.883,105515.725,77943.369
R41,R,0,VSS,R6,128.425,88.585,105515.725,78057.171
R42,R,1,VSSPST,R5,129.625,89.287,105515.725,78150.271
R43,R,0,VSS,R4,128.425,89.989,105515.725,78243.371
R44,R,1,VSS,R3,129.625,90.691,105515.725,78357.172
R45,R,0,VDDPST,R2,128.425,91.393,105515.725,78450.272
R46,R,1,VSS,R1,129.625,92.095,105515.725,78543.372
